"Designator","Footprint","Mid X","Mid Y","Ref X","Ref Y","Pad X","Pad Y","Layer","Rotation","Comment"
""
"YO2","SMD_OSCCF250X320X90-4N","4540.846mil","5229.823mil","4540.846mil","5229.823mil","4501.476mil","5279.035mil","T","0.00",""
"Y1","SMD_HC49_XTAL1140X480X420N","4145.669mil","3562.992mil","4145.669mil","3562.992mil","3962.598mil","3562.992mil","T","0.00","4.00MHz HC49/4HSMX"
"U9","SMD_SOIC127P620X160-8N","4149.606mil","2586.622mil","4149.606mil","2586.614mil","4039.37mil","2661.614mil","T","0.00","BD18KA5WF-E2"
"U8","SMD_TO229P991X239-4N_DPAK","4468.504mil","2043.307mil","4468.504mil","2007.874mil","4558.661mil","2171.26mil","T","270.00","MC78M05BDTRKG"
"U6","SMD_SOIC127P620X160-8N","4141.724mil","2059.055mil","4141.732mil","2059.055mil","4066.732mil","1948.819mil","T","90.00","BD33KA5WF-E2"
"U4","SMD_QFN50P800X800X80-57N","3149.606mil","2283.465mil","3149.606mil","2283.465mil","3277.559mil","2440.945mil","T","270.00","IC_A3222Q56"
"U33","SMD_QFN50P800X800X80-57N","787.402mil","4645.669mil","787.402mil","4645.669mil","659.449mil","4488.189mil","T","90.00","IC_A3222Q56"
"U32","SMD_QFN50P800X800X80-57N","787.402mil","3858.268mil","787.402mil","3858.268mil","659.449mil","3700.787mil","T","90.00","IC_A3222Q56"
"U31","SMD_QFN50P800X800X80-57N","787.402mil","3070.866mil","787.402mil","3070.866mil","659.449mil","2913.386mil","T","90.00","IC_A3222Q56"
"U30","SMD_QFN50P800X800X80-57N","787.402mil","2283.465mil","787.402mil","2283.465mil","659.449mil","2125.984mil","T","90.00","IC_A3222Q56"
"U3","SMD_QFN50P800X800X80-57N","3149.606mil","3070.866mil","3149.606mil","3070.866mil","3277.559mil","3228.347mil","T","270.00","IC_A3222Q56"
"U29","SMD_SOIC127P620X160-8N","4149.606mil","2870.087mil","4149.606mil","2870.079mil","4039.37mil","2945.079mil","T","0.00","BD00KA5WF-E2"
"U26","SMD_QFN50P800X800X80-57N","1574.803mil","2283.465mil","1574.803mil","2283.465mil","1702.756mil","2440.945mil","T","270.00","IC_A3222Q56"
"U25","SMD_QFN50P800X800X80-57N","1574.803mil","3070.866mil","1574.803mil","3070.866mil","1702.756mil","3228.347mil","T","270.00","IC_A3222Q56"
"U24","SMD_SON45P300X200X80-9N","944.882mil","6405.512mil","944.882mil","6405.512mil","887.795mil","6432.087mil","T","0.00","LTC4449EDCB#TRPBF"
"U23","SMD_SON45P300X200X80-9N","3685.039mil","523.622mil","3685.039mil","523.622mil","3742.126mil","497.047mil","T","180.00","LTC4449EDCB#TRPBF"
"U22","SMD_QFN50P800X800X80-57N","1574.803mil","3858.268mil","1574.803mil","3858.268mil","1702.756mil","4015.748mil","T","270.00","IC_A3222Q56"
"U21","SMD_QFN50P800X800X80-57N","1574.803mil","4645.669mil","1574.803mil","4645.669mil","1702.756mil","4803.15mil","T","270.00","IC_A3222Q56"
"U20","SMD_SON45P300X200X80-9N","1889.764mil","6405.512mil","1889.764mil","6405.512mil","1832.677mil","6432.087mil","T","0.00","LTC4449EDCB#TRPBF"
"U2","SMD_QFN50P800X800X80-57N","3149.606mil","3858.268mil","3149.606mil","3858.268mil","3277.559mil","4015.748mil","T","270.00","IC_A3222Q56"
"U19","SMD_SON45P300X200X80-9N","2740.157mil","523.622mil","2740.157mil","523.622mil","2797.244mil","497.047mil","T","180.00","LTC4449EDCB#TRPBF"
"U18","SMD_QFN50P800X800X80-57N","2362.205mil","4645.669mil","2362.205mil","4645.669mil","2234.252mil","4488.189mil","T","90.00","IC_A3222Q56"
"U17","SMD_QFN50P800X800X80-57N","2362.205mil","3858.268mil","2362.205mil","3858.268mil","2234.252mil","3700.787mil","T","90.00","IC_A3222Q56"
"U16","SMD_SON45P300X200X80-9N","2834.646mil","6405.512mil","2834.646mil","6405.512mil","2777.559mil","6432.087mil","T","0.00","LTC4449EDCB#TRPBF"
"U15","SMD_SON45P300X200X80-9N","1795.276mil","523.622mil","1795.276mil","523.622mil","1852.362mil","497.047mil","T","180.00","LTC4449EDCB#TRPBF"
"U14","SMD_QFN50P800X800X80-57N","2362.205mil","3070.866mil","2362.205mil","3070.866mil","2234.252mil","2913.386mil","T","90.00","IC_A3222Q56"
"U13","SMD_QFN50P800X800X80-57N","2362.205mil","2283.465mil","2362.205mil","2283.465mil","2234.252mil","2125.984mil","T","90.00","IC_A3222Q56"
"U12","SMD_SON45P300X200X80-9N","3779.528mil","6405.512mil","3779.528mil","6405.512mil","3722.441mil","6432.087mil","T","0.00","LTC4449EDCB#TRPBF"
"U11","SMD_SON45P300X200X80-9N","850.394mil","523.622mil","850.394mil","523.622mil","907.48mil","497.047mil","T","180.00","LTC4449EDCB#TRPBF"
"U10","SMD_QFP50P1200X1200X120-64N","4294.852mil","4064.169mil","4294.852mil","4064.169mil","4442.49mil","4290.547mil","T","270.00","dsPIC33EP256MU806"
"U1","SMD_QFN50P800X800X80-57N","3149.606mil","4645.669mil","3149.606mil","4645.669mil","3277.559mil","4803.15mil","T","270.00","IC_A3222Q56"
"R9","SMD_0603_RESC1608X55N","3838.583mil","4007.874mil","3838.583mil","4007.874mil","3807.087mil","4007.874mil","T","0.00","10k"
"R8","SMD_0603_RESC1608X55N","4181.102mil","5188.976mil","4181.102mil","5188.976mil","4149.606mil","5188.976mil","T","0.00","1k"
"R7","SMD_0603_RESC1608X55N","4153.543mil","5094.488mil","4153.543mil","5094.488mil","4153.543mil","5125.984mil","T","270.00","1k"
"R6","SMD_0603_RESC1608X55N","3736.22mil","4318.898mil","3736.22mil","4318.898mil","3736.22mil","4350.394mil","T","270.00","10k"
"R3","SMD_0603_RESC1608X55N","2362.205mil","4913.386mil","2362.205mil","4913.386mil","2330.709mil","4913.386mil","T","0.00","100R"
"R29","SMD_0603_RESC1608X55N","4181.102mil","4952.756mil","4181.102mil","4952.756mil","4149.606mil","4952.756mil","T","0.00","1k"
"R28","SMD_0603_RESC1608X55N","3901.575mil","2917.323mil","3901.575mil","2917.323mil","3901.575mil","2885.827mil","T","90.00","10k"
"R27","SMD_0603_RESC1608X55N","3964.567mil","2917.323mil","3964.567mil","2917.323mil","3964.567mil","2948.819mil","T","270.00","2k"
"R22","SMD_0603_RESC1608X55N","4271.654mil","4716.535mil","4271.654mil","4716.535mil","4240.157mil","4716.535mil","T","0.00","1k"
"R21","SMD_0603_RESC1608X55N","4153.543mil","4862.205mil","4153.543mil","4862.205mil","4153.543mil","4893.701mil","T","270.00","1k"
"R20","SMD_0603_RESC1608X55N","4125.984mil","4586.614mil","4125.984mil","4586.614mil","4125.984mil","4618.11mil","T","270.00","1k"
"R2","SMD_0603_RESC1608X55N","4480.315mil","4811.024mil","4480.315mil","4811.024mil","4480.315mil","4779.528mil","T","90.00","1k"
"R19","SMD_0603_RESC1608X55N","787.402mil","4925.197mil","787.402mil","4925.197mil","755.905mil","4925.197mil","T","0.00","100R"
"R18","SMD_0603_RESC1608X55N","4062.992mil","4586.614mil","4062.992mil","4586.614mil","4062.992mil","4555.118mil","T","90.00","1k"
"R15","SMD_1206_RESC3216X65N","4074.803mil","2350.394mil","4074.803mil","2350.394mil","4074.803mil","2409.449mil","T","270.00","0R"
"R13","SMD_1206_RESC3216X65N","4629.921mil","2370.079mil","4629.921mil","2370.079mil","4629.921mil","2311.024mil","T","90.00","100R"
"R12","SMD_1206_RESC3216X65N","4220.472mil","2322.835mil","4220.472mil","2322.835mil","4279.528mil","2322.835mil","T","180.00","2R"
"R11","SMD_0603_RESC1608X55N","4220.472mil","2401.575mil","4220.472mil","2401.575mil","4188.976mil","2401.575mil","T","0.00","0R"
"R10","SMD_0603_RESC1608X55N","4157.48mil","3157.48mil","4157.48mil","3157.48mil","4157.48mil","3125.984mil","T","90.00","10k"
"R1","SMD_0603_RESC1608X55N","4385.827mil","4779.528mil","4385.827mil","4779.528mil","4417.323mil","4779.528mil","T","180.00","1k"
"Q8","SMD_SOIC127P600X110-9AN","3547.244mil","6043.299mil","3547.244mil","6043.307mil","3657.48mil","5968.307mil","T","180.00","AP1RA03GMT-HF-3"
"Q7","SMD_SOIC127P600X110-9AN","3547.244mil","6263.771mil","3547.244mil","6263.779mil","3657.48mil","6188.779mil","T","180.00","AP1RA03GMT-HF-3"
"Q6","SMD_SOIC127P600X110-9AN","1082.677mil","885.835mil","1082.677mil","885.827mil","972.441mil","960.827mil","T","0.00","AP1RA03GMT-HF-3"
"Q51","SMD_SOT23_SOT95P240X112-3N","4086.614mil","4724.409mil","4086.614mil","4724.409mil","4124.016mil","4769.685mil","T","270.00","BSS138"
"Q5","SMD_SOIC127P600X110-9AN","1082.677mil","665.362mil","1082.677mil","665.354mil","972.441mil","740.354mil","T","0.00","AP1RA03GMT-HF-3"
"Q44","SMD_SOIC127P600X110-9AN","712.598mil","6043.299mil","712.598mil","6043.307mil","822.835mil","5968.307mil","T","180.00","AP1RA03GMT-HF-3"
"Q43","SMD_SOIC127P600X110-9AN","712.598mil","6263.771mil","712.598mil","6263.779mil","822.835mil","6188.779mil","T","180.00","AP1RA03GMT-HF-3"
"Q42","SMD_SOIC127P600X110-9AN","3917.323mil","885.835mil","3917.323mil","885.827mil","3807.087mil","960.827mil","T","0.00","AP1RA03GMT-HF-3"
"Q41","SMD_SOIC127P600X110-9AN","3917.323mil","665.362mil","3917.323mil","665.354mil","3807.087mil","740.354mil","T","0.00","AP1RA03GMT-HF-3"
"Q38","SMD_SOIC127P600X110-9AN","677.157mil","6523.622mil","677.165mil","6523.622mil","602.165mil","6413.386mil","T","90.00","AP1RA03GMT-HF-3"
"Q37","SMD_SOIC127P600X110-9AN","3952.764mil","405.512mil","3952.756mil","405.512mil","4027.756mil","515.748mil","T","270.00","AP1RA03GMT-HF-3"
"Q32","SMD_SOIC127P600X110-9AN","1657.48mil","6043.299mil","1657.48mil","6043.307mil","1767.716mil","5968.307mil","T","180.00","AP1RA03GMT-HF-3"
"Q31","SMD_SOIC127P600X110-9AN","1657.48mil","6263.771mil","1657.48mil","6263.779mil","1767.716mil","6188.779mil","T","180.00","AP1RA03GMT-HF-3"
"Q30","SMD_SOIC127P600X110-9AN","2972.441mil","885.835mil","2972.441mil","885.827mil","2862.205mil","960.827mil","T","0.00","AP1RA03GMT-HF-3"
"Q29","SMD_SOIC127P600X110-9AN","2972.441mil","665.362mil","2972.441mil","665.354mil","2862.205mil","740.354mil","T","0.00","AP1RA03GMT-HF-3"
"Q26","SMD_SOIC127P600X110-9AN","1622.039mil","6523.622mil","1622.047mil","6523.622mil","1547.047mil","6413.386mil","T","90.00","AP1RA03GMT-HF-3"
"Q25","SMD_SOIC127P600X110-9AN","3007.882mil","405.512mil","3007.874mil","405.512mil","3082.874mil","515.748mil","T","270.00","AP1RA03GMT-HF-3"
"Q20","SMD_SOIC127P600X110-9AN","2602.362mil","6043.299mil","2602.362mil","6043.307mil","2712.598mil","5968.307mil","T","180.00","AP1RA03GMT-HF-3"
"Q2","SMD_SOIC127P600X110-9AN","3511.803mil","6523.622mil","3511.811mil","6523.622mil","3436.811mil","6413.386mil","T","90.00","AP1RA03GMT-HF-3"
"Q19","SMD_SOIC127P600X110-9AN","2602.362mil","6263.771mil","2602.362mil","6263.779mil","2712.598mil","6188.779mil","T","180.00","AP1RA03GMT-HF-3"
"Q18","SMD_SOIC127P600X110-9AN","2027.559mil","885.835mil","2027.559mil","885.827mil","1917.323mil","960.827mil","T","0.00","AP1RA03GMT-HF-3"
"Q17","SMD_SOIC127P600X110-9AN","2027.559mil","665.362mil","2027.559mil","665.354mil","1917.323mil","740.354mil","T","0.00","AP1RA03GMT-HF-3"
"Q14","SMD_SOIC127P600X110-9AN","2566.921mil","6523.622mil","2566.929mil","6523.622mil","2491.929mil","6413.386mil","T","90.00","AP1RA03GMT-HF-3"
"Q13","SMD_SOIC127P600X110-9AN","2063mil","405.512mil","2062.992mil","405.512mil","2137.992mil","515.748mil","T","270.00","AP1RA03GMT-HF-3"
"Q1","SMD_SOIC127P600X110-9AN","1118.118mil","405.512mil","1118.11mil","405.512mil","1193.11mil","515.748mil","T","270.00","AP1RA03GMT-HF-3"
"L9","SMT_INDM135130X800N","2889.764mil","1346.457mil","2889.764mil","1346.457mil","3091.535mil","1346.457mil","T","180.00","INDUCTOR"
"L6","SMT_INDM135130X800N","2685.039mil","5582.677mil","2685.039mil","5582.677mil","2483.268mil","5582.677mil","T","0.00","INDUCTOR"
"L5","SMT_INDM135130X800N","1944.882mil","1346.457mil","1944.882mil","1346.457mil","2146.654mil","1346.457mil","T","180.00","INDUCTOR"
"L2","SMT_INDM135130X800N","3629.921mil","5582.677mil","3629.921mil","5582.677mil","3428.149mil","5582.677mil","T","0.00","INDUCTOR"
"L14","SMT_INDM135130X800N","795.276mil","5582.677mil","795.276mil","5582.677mil","593.504mil","5582.677mil","T","0.00","INDUCTOR"
"L13","SMT_INDM135130X800N","3834.646mil","1346.457mil","3834.646mil","1346.457mil","4036.417mil","1346.457mil","T","180.00","INDUCTOR"
"L10","SMT_INDM135130X800N","1740.158mil","5582.677mil","1740.158mil","5582.677mil","1538.386mil","5582.677mil","T","0.00","INDUCTOR"
"L1","SMT_INDM135130X800N","1000mil","1346.457mil","1000mil","1346.457mil","1201.772mil","1346.457mil","T","180.00","INDUCTOR"
"J7","PTH_CON_WR-MRC4-6P","259.842mil","5980.315mil","259.842mil","5980.315mil","151.575mil","5814.961mil","T","90.00","WR-MPC4"
"J6","PTH_CON_WR-MRC4-6P","4460.63mil","952.756mil","4460.63mil","952.756mil","4568.898mil","1118.11mil","T","270.00","WR-MPC4"
"J5","PTH_CON_WR-MRC4-6P","4460.63mil","5980.315mil","4460.63mil","5980.315mil","4568.898mil","6145.669mil","T","270.00","WR-MPC4"
"J4","PTH_CON_WR-MRC4-6P","259.842mil","952.756mil","259.842mil","952.756mil","151.575mil","787.402mil","T","90.00","WR-MPC4"
"J3","PTH_CON_HD-351-3P","4562.992mil","2755.905mil","4562.992mil","2755.905mil","4562.992mil","2618.11mil","T","90.00","HD-351-3P"
"J2","SMD_CON-CVILUX-CU04-SCM15B0","4527.559mil","3232.284mil","4519.685mil","3232.284mil","4417.323mil","3169.291mil","T","90.00","USB MINI"
"J1","PTH_HDRV05W64P254_1X05","3836.072mil","4303.525mil","3836.072mil","4303.525mil","3836.072mil","4103.525mil","T","90.00","CONN PCB 5P M S"
"FID2","FID100X200","4299.213mil","6826.772mil","4299.213mil","6826.772mil","4299.213mil","6826.772mil","T","0.00","FIDUCIAL 100X200"
"FID1","FID100X200","4330.709mil","78.74mil","4330.709mil","78.74mil","4330.709mil","78.74mil","T","0.00","FIDUCIAL 100X200"
"D8","SMD_DO214AC_SMA","4444.882mil","2440.945mil","4444.882mil","2440.945mil","4366.142mil","2440.945mil","T","0.00","B140"
"D6","SMD_SOT457_SOT95P275X110-6N","4259.842mil","3185.039mil","4259.842mil","3185.039mil","4297.244mil","3230.315mil","T","270.00","SMS05T1G"
"D4","SMD_0805_LED2012X100N","4586.614mil","3578.74mil","4586.614mil","3578.74mil","4627.953mil","3578.74mil","T","180.00","LED ORANGE"
"D32","SMD_DO214AC_SMC","232.283mil","6405.512mil","232.283mil","6405.512mil","98.425mil","6405.512mil","T","0.00","SMCJ12A"
"D30","SMD_DO214AC_SMC","4488.189mil","527.559mil","4488.189mil","527.559mil","4622.047mil","527.559mil","T","180.00","SMCJ12A"
"D3","SMD_0805_LED2012X100N","4586.614mil","3500mil","4586.614mil","3500mil","4627.953mil","3500mil","T","180.00","LED YELLOW"
"D28","SMD_DO214AC_SMC","4488.189mil","6405.512mil","4488.189mil","6405.512mil","4622.047mil","6405.512mil","T","180.00","SMCJ12A"
"D26","SMD_DO214AC_SMC","232.283mil","527.559mil","232.283mil","527.559mil","98.425mil","527.559mil","T","0.00","SMCJ12A"
"D23","SMD_SOD523_SOD1608X65N","972.441mil","6492.126mil","972.441mil","6492.126mil","940.945mil","6492.126mil","T","0.00","1N4448HWT"
"D22","SMD_SOD523_SOD1608X65N","3657.48mil","437.008mil","3657.48mil","437.008mil","3688.976mil","437.008mil","T","180.00","1N4448HWT"
"D2","SMD_0805_LED2012X100N","4586.614mil","3657.48mil","4586.614mil","3657.48mil","4627.953mil","3657.48mil","T","180.00","LED GREEN"
"D19","SMD_SOD523_SOD1608X65N","1917.323mil","6492.126mil","1917.323mil","6492.126mil","1885.827mil","6492.126mil","T","0.00","1N4448HWT"
"D18","SMD_SOD523_SOD1608X65N","2712.598mil","437.008mil","2712.598mil","437.008mil","2744.095mil","437.008mil","T","180.00","1N4448HWT"
"D15","SMD_SOD523_SOD1608X65N","2862.205mil","6492.126mil","2862.205mil","6492.126mil","2830.709mil","6492.126mil","T","0.00","1N4448HWT"
"D14","SMD_SOD523_SOD1608X65N","1767.716mil","437.008mil","1767.716mil","437.008mil","1799.213mil","437.008mil","T","180.00","1N4448HWT"
"D11","SMD_SOD523_SOD1608X65N","3807.087mil","6492.126mil","3807.087mil","6492.126mil","3775.59mil","6492.126mil","T","0.00","1N4448HWT"
"D10","SMD_SOD523_SOD1608X65N","822.835mil","437.008mil","822.835mil","437.008mil","854.331mil","437.008mil","T","180.00","1N4448HWT"
"D1","SMD_0805_LED2012X100N","4586.614mil","3736.22mil","4586.614mil","3736.22mil","4627.953mil","3736.22mil","T","180.00","LED RED"
"C998","SMD_1210_CAPC3225X279N","2204.724mil","1708.661mil","2204.724mil","1708.661mil","2204.724mil","1767.716mil","T","270.00","220uF"
"C995","SMD_1210_CAPC3225X279N","291.339mil","4803.15mil","291.339mil","4803.15mil","350.394mil","4803.15mil","T","180.00","220uF"
"C992","SMD_1210_CAPC3225X279N","1889.764mil","1708.661mil","1889.764mil","1708.661mil","1889.764mil","1767.716mil","T","270.00","220uF"
"C99","SMD_1210_CAPC3225X279N","2476.378mil","842.52mil","2476.378mil","842.52mil","2417.323mil","842.52mil","T","0.00","220uF"
"C989","SMD_1210_CAPC3225X279N","2047.244mil","1708.661mil","2047.244mil","1708.661mil","2047.244mil","1767.716mil","T","270.00","220uF"
"C986","SMD_1210_CAPC3225X279N","1732.283mil","1708.661mil","1732.283mil","1708.661mil","1732.283mil","1767.716mil","T","270.00","220uF"
"C983","SMD_1210_CAPC3225X279N","1417.323mil","1708.661mil","1417.323mil","1708.661mil","1417.323mil","1767.716mil","T","270.00","220uF"
"C980","SMD_1210_CAPC3225X279N","1574.803mil","1708.661mil","1574.803mil","1708.661mil","1574.803mil","1767.716mil","T","270.00","220uF"
"C98","SMD_1210_CAPC3225X279N","2476.378mil","1000mil","2476.378mil","1000mil","2417.323mil","1000mil","T","0.00","220uF"
"C977","SMD_1210_CAPC3225X279N","1259.842mil","1708.661mil","1259.842mil","1708.661mil","1259.842mil","1767.716mil","T","270.00","220uF"
"C974","SMD_1210_CAPC3225X279N","1208.661mil","5456.693mil","1208.661mil","5456.693mil","1267.716mil","5456.693mil","T","180.00","220uF"
"C971","SMD_1210_CAPC3225X279N","2153.543mil","5456.693mil","2153.543mil","5456.693mil","2212.598mil","5456.693mil","T","180.00","220uF"
"C97","SMD_1210_CAPC3225X270N","3212.598mil","370.079mil","3212.598mil","370.079mil","3271.653mil","370.079mil","T","180.00","100uF"
"C968","SMD_1210_CAPC3225X279N","3098.425mil","5456.693mil","3098.425mil","5456.693mil","3157.48mil","5456.693mil","T","180.00","220uF"
"C965","SMD_1210_CAPC3225X279N","4043.307mil","5456.693mil","4043.307mil","5456.693mil","4102.362mil","5456.693mil","T","180.00","220uF"
"C962","SMD_1210_CAPC3225X279N","3421.26mil","1472.441mil","3421.26mil","1472.441mil","3362.205mil","1472.441mil","T","0.00","220uF"
"C96","SMD_1210_CAPC3225X270N","2803.15mil","342.52mil","2803.15mil","342.52mil","2744.095mil","342.52mil","T","0.00","100uF"
"C959","SMD_1210_CAPC3225X279N","2476.378mil","1472.441mil","2476.378mil","1472.441mil","2417.323mil","1472.441mil","T","0.00","220uF"
"C956","SMD_1210_CAPC3225X279N","1531.496mil","1472.441mil","1531.496mil","1472.441mil","1472.441mil","1472.441mil","T","0.00","220uF"
"C953","SMD_1210_CAPC3225X279N","586.614mil","1472.441mil","586.614mil","1472.441mil","527.559mil","1472.441mil","T","0.00","220uF"
"C950","SMD_1210_CAPC3225X279N","944.882mil","1708.661mil","944.882mil","1708.661mil","944.882mil","1767.716mil","T","270.00","220uF"
"C947","SMD_1210_CAPC3225X279N","1102.362mil","1708.661mil","1102.362mil","1708.661mil","1102.362mil","1767.716mil","T","270.00","220uF"
"C944","SMD_1210_CAPC3225X279N","787.402mil","1708.661mil","787.402mil","1708.661mil","787.402mil","1767.716mil","T","270.00","220uF"
"C941","SMD_1210_CAPC3225X279N","3645.669mil","2283.465mil","3645.669mil","2283.465mil","3586.614mil","2283.465mil","T","0.00","220uF"
"C938","SMD_1210_CAPC3225X279N","3645.669mil","2440.945mil","3645.669mil","2440.945mil","3586.614mil","2440.945mil","T","0.00","220uF"
"C935","SMD_1210_CAPC3225X279N","3645.669mil","2125.984mil","3645.669mil","2125.984mil","3586.614mil","2125.984mil","T","0.00","220uF"
"C932","SMD_1210_CAPC3225X279N","3645.669mil","3070.866mil","3645.669mil","3070.866mil","3586.614mil","3070.866mil","T","0.00","220uF"
"C93","SMD_0603_CAPC1608X95N","1795.276mil","6492.126mil","1795.276mil","6492.126mil","1826.772mil","6492.126mil","T","180.00","220nF"
"C929","SMD_1210_CAPC3225X279N","3645.669mil","3228.347mil","3645.669mil","3228.347mil","3586.614mil","3228.347mil","T","0.00","220uF"
"C926","SMD_1210_CAPC3225X279N","3645.669mil","2913.386mil","3645.669mil","2913.386mil","3586.614mil","2913.386mil","T","0.00","220uF"
"C923","SMD_1210_CAPC3225X279N","3645.669mil","3858.268mil","3645.669mil","3858.268mil","3586.614mil","3858.268mil","T","0.00","220uF"
"C92","SMD_0603_CAPC1608X95N","2834.646mil","437.008mil","2834.646mil","437.008mil","2803.149mil","437.008mil","T","0.00","220nF"
"C9","SMD_0603_CAPC1608X95N","4267.717mil","4417.323mil","4267.717mil","4417.323mil","4267.717mil","4385.827mil","T","90.00","100nF"
"C872","SMD_1210_CAPC3225X270N","1511.811mil","153.543mil","1511.811mil","153.543mil","1511.811mil","212.598mil","T","270.00","100uF"
"C869","SMD_1210_CAPC3225X270N","3118.11mil","6775.591mil","3118.11mil","6775.591mil","3118.11mil","6716.535mil","T","90.00","100uF"
"C866","SMD_1210_CAPC3225X270N","1070.866mil","6775.591mil","1070.866mil","6775.591mil","1070.866mil","6716.535mil","T","90.00","100uF"
"C860","SMD_1210_CAPC3225X279N","3645.669mil","4015.748mil","3645.669mil","4015.748mil","3586.614mil","4015.748mil","T","0.00","220uF"
"C857","SMD_1210_CAPC3225X279N","3645.669mil","3700.787mil","3645.669mil","3700.787mil","3586.614mil","3700.787mil","T","0.00","220uF"
"C854","SMD_1210_CAPC3225X279N","1208.661mil","5614.173mil","1208.661mil","5614.173mil","1267.716mil","5614.173mil","T","180.00","220uF"
"C851","SMD_1210_CAPC3225X279N","2153.543mil","5614.173mil","2153.543mil","5614.173mil","2212.598mil","5614.173mil","T","180.00","220uF"
"C85","SMD_0603_CAPC1608X95N","2019.685mil","6460.63mil","2019.685mil","6460.63mil","2019.685mil","6492.126mil","T","270.00","10uF"
"C848","SMD_1210_CAPC3225X279N","3098.425mil","5614.173mil","3098.425mil","5614.173mil","3157.48mil","5614.173mil","T","180.00","220uF"
"C845","SMD_1210_CAPC3225X279N","4043.307mil","5614.173mil","4043.307mil","5614.173mil","4102.362mil","5614.173mil","T","180.00","220uF"
"C842","SMD_1210_CAPC3225X279N","3421.26mil","1314.961mil","3421.26mil","1314.961mil","3362.205mil","1314.961mil","T","0.00","220uF"
"C84","SMD_0603_CAPC1608X95N","2610.236mil","468.504mil","2610.236mil","468.504mil","2610.236mil","437.008mil","T","90.00","10uF"
"C839","SMD_1210_CAPC3225X279N","2476.378mil","1314.961mil","2476.378mil","1314.961mil","2417.323mil","1314.961mil","T","0.00","220uF"
"C836","SMD_1210_CAPC3225X279N","1531.496mil","1314.961mil","1531.496mil","1314.961mil","1472.441mil","1314.961mil","T","0.00","220uF"
"C833","SMD_1210_CAPC3225X279N","586.614mil","1314.961mil","586.614mil","1314.961mil","527.559mil","1314.961mil","T","0.00","220uF"
"C8","SMD_0603_CAPC1608X95N","3736.22mil","4196.85mil","3736.22mil","4196.85mil","3736.22mil","4165.354mil","T","90.00","100nF"
"C785","SMD_1210_CAPC3225X270N","3559.055mil","153.543mil","3559.055mil","153.543mil","3559.055mil","212.598mil","T","270.00","100uF"
"C782","SMD_1210_CAPC3225X270N","3401.575mil","153.543mil","3401.575mil","153.543mil","3401.575mil","212.598mil","T","270.00","100uF"
"C779","SMD_1210_CAPC3225X270N","1228.346mil","6775.591mil","1228.346mil","6775.591mil","1228.346mil","6716.535mil","T","90.00","100uF"
"C776","SMD_1210_CAPC3225X270N","2015.748mil","6775.591mil","2015.748mil","6775.591mil","2015.748mil","6716.535mil","T","90.00","100uF"
"C770","SMD_1210_CAPC3225X279N","3645.669mil","4645.669mil","3645.669mil","4645.669mil","3586.614mil","4645.669mil","T","0.00","220uF"
"C767","SMD_1210_CAPC3225X279N","3645.669mil","4803.15mil","3645.669mil","4803.15mil","3586.614mil","4803.15mil","T","0.00","220uF"
"C764","SMD_1210_CAPC3225X279N","3645.669mil","4488.189mil","3645.669mil","4488.189mil","3586.614mil","4488.189mil","T","0.00","220uF"
"C761","SMD_1210_CAPC3225X279N","291.339mil","2283.465mil","291.339mil","2283.465mil","350.394mil","2283.465mil","T","180.00","220uF"
"C758","SMD_1210_CAPC3225X279N","291.339mil","2125.984mil","291.339mil","2125.984mil","350.394mil","2125.984mil","T","180.00","220uF"
"C755","SMD_1210_CAPC3225X279N","291.339mil","2440.945mil","291.339mil","2440.945mil","350.394mil","2440.945mil","T","180.00","220uF"
"C752","SMD_1210_CAPC3225X279N","291.339mil","3070.866mil","291.339mil","3070.866mil","350.394mil","3070.866mil","T","180.00","220uF"
"C749","SMD_1210_CAPC3225X279N","291.339mil","2913.386mil","291.339mil","2913.386mil","350.394mil","2913.386mil","T","180.00","220uF"
"C746","SMD_1210_CAPC3225X279N","291.339mil","3228.347mil","291.339mil","3228.347mil","350.394mil","3228.347mil","T","180.00","220uF"
"C743","SMD_1210_CAPC3225X279N","291.339mil","3858.268mil","291.339mil","3858.268mil","350.394mil","3858.268mil","T","180.00","220uF"
"C73","SMD_1210_CAPC3225X279N","3098.425mil","6244.095mil","3098.425mil","6244.095mil","3157.48mil","6244.095mil","T","180.00","220uF"
"C72","SMD_1210_CAPC3225X279N","3098.425mil","6086.614mil","3098.425mil","6086.614mil","3157.48mil","6086.614mil","T","180.00","220uF"
"C71","SMD_1210_CAPC3225X279N","3098.425mil","5929.134mil","3098.425mil","5929.134mil","3157.48mil","5929.134mil","T","180.00","220uF"
"C70","SMD_1210_CAPC3225X270N","2362.205mil","6559.055mil","2362.205mil","6559.055mil","2303.15mil","6559.055mil","T","0.00","100uF"
"C7","SMD_0603_CAPC1608X95N","3964.567mil","4240.158mil","3964.567mil","4240.158mil","3996.063mil","4240.158mil","T","180.00","100nF"
"C695","SMD_1210_CAPC3225X270N","2614.173mil","153.543mil","2614.173mil","153.543mil","2614.173mil","212.598mil","T","270.00","100uF"
"C692","SMD_1210_CAPC3225X270N","2456.693mil","153.543mil","2456.693mil","153.543mil","2456.693mil","212.598mil","T","270.00","100uF"
"C69","SMD_1210_CAPC3225X270N","2771.653mil","6586.614mil","2771.653mil","6586.614mil","2830.709mil","6586.614mil","T","180.00","100uF"
"C689","SMD_1210_CAPC3225X270N","566.929mil","153.543mil","566.929mil","153.543mil","566.929mil","212.598mil","T","270.00","100uF"
"C686","SMD_1210_CAPC3225X270N","2173.228mil","6775.591mil","2173.228mil","6775.591mil","2173.228mil","6716.535mil","T","90.00","100uF"
"C680","SMD_1210_CAPC3225X279N","291.339mil","3700.787mil","291.339mil","3700.787mil","350.394mil","3700.787mil","T","180.00","220uF"
"C68","SMD_1210_CAPC3225X279N","1531.496mil","685.039mil","1531.496mil","685.039mil","1472.441mil","685.039mil","T","0.00","220uF"
"C677","SMD_1210_CAPC3225X279N","291.339mil","4015.748mil","291.339mil","4015.748mil","350.394mil","4015.748mil","T","180.00","220uF"
"C674","SMD_1210_CAPC3225X279N","1208.661mil","5771.654mil","1208.661mil","5771.654mil","1267.716mil","5771.654mil","T","180.00","220uF"
"C671","SMD_1210_CAPC3225X279N","2153.543mil","5771.654mil","2153.543mil","5771.654mil","2212.598mil","5771.654mil","T","180.00","220uF"
"C67","SMD_1210_CAPC3225X279N","1531.496mil","842.52mil","1531.496mil","842.52mil","1472.441mil","842.52mil","T","0.00","220uF"
"C668","SMD_1210_CAPC3225X279N","3098.425mil","5771.654mil","3098.425mil","5771.654mil","3157.48mil","5771.654mil","T","180.00","220uF"
"C665","SMD_1210_CAPC3225X279N","4043.307mil","5771.654mil","4043.307mil","5771.654mil","4102.362mil","5771.654mil","T","180.00","220uF"
"C662","SMD_1210_CAPC3225X279N","3421.26mil","1157.48mil","3421.26mil","1157.48mil","3362.205mil","1157.48mil","T","0.00","220uF"
"C66","SMD_1210_CAPC3225X279N","1531.496mil","1000mil","1531.496mil","1000mil","1472.441mil","1000mil","T","0.00","220uF"
"C659","SMD_1210_CAPC3225X279N","2476.378mil","1157.48mil","2476.378mil","1157.48mil","2417.323mil","1157.48mil","T","0.00","220uF"
"C656","SMD_1210_CAPC3225X279N","1531.496mil","1157.48mil","1531.496mil","1157.48mil","1472.441mil","1157.48mil","T","0.00","220uF"
"C653","SMD_1210_CAPC3225X279N","586.614mil","1157.48mil","586.614mil","1157.48mil","527.559mil","1157.48mil","T","0.00","220uF"
"C65","SMD_1210_CAPC3225X270N","2267.716mil","370.079mil","2267.716mil","370.079mil","2326.772mil","370.079mil","T","180.00","100uF"
"C64","SMD_1210_CAPC3225X270N","1858.268mil","342.52mil","1858.268mil","342.52mil","1799.213mil","342.52mil","T","0.00","100uF"
"C61","SMD_0603_CAPC1608X95N","2740.157mil","6492.126mil","2740.157mil","6492.126mil","2771.654mil","6492.126mil","T","180.00","220nF"
"C605","SMD_1210_CAPC3225X270N","1669.291mil","153.543mil","1669.291mil","153.543mil","1669.291mil","212.598mil","T","270.00","100uF"
"C602","SMD_1210_CAPC3225X270N","4062.992mil","6775.591mil","4062.992mil","6775.591mil","4062.992mil","6716.535mil","T","90.00","100uF"
"C60","SMD_0603_CAPC1608X95N","1889.764mil","437.008mil","1889.764mil","437.008mil","1858.268mil","437.008mil","T","0.00","220nF"
"C6","SMD_0603_CAPC1608X95N","3933.071mil","4055.118mil","3933.071mil","4055.118mil","3933.071mil","4023.622mil","T","90.00","100nF"
"C599","SMD_1210_CAPC3225X270N","2960.63mil","6775.591mil","2960.63mil","6775.591mil","2960.63mil","6716.535mil","T","90.00","100uF"
"C596","SMD_1210_CAPC3225X270N","3905.512mil","6775.591mil","3905.512mil","6775.591mil","3905.512mil","6716.535mil","T","90.00","100uF"
"C593","SMD_1210_CAPC3225X270N","724.409mil","153.543mil","724.409mil","153.543mil","724.409mil","212.598mil","T","270.00","100uF"
"C592","SMD_0805_CAPC2012X145N","4507.874mil","2314.961mil","4507.874mil","2314.961mil","4543.307mil","2314.961mil","T","180.00","10uF"
"C59","SMD_1210_CAPC3225X279N","2858.268mil","4803.15mil","2858.268mil","4803.15mil","2799.213mil","4803.15mil","T","0.00","220uF"
"C58","SMD_1210_CAPC3225X279N","3440.945mil","4803.15mil","3440.945mil","4803.15mil","3500mil","4803.15mil","T","180.00","220uF"
"C55","SMD_1210_CAPC3225X279N","3440.945mil","4645.669mil","3440.945mil","4645.669mil","3500mil","4645.669mil","T","180.00","220uF"
"C54","SMD_1210_CAPC3225X279N","3440.945mil","4488.189mil","3440.945mil","4488.189mil","3500mil","4488.189mil","T","180.00","220uF"
"C53","SMD_0603_CAPC1608X95N","2964.567mil","6460.63mil","2964.567mil","6460.63mil","2964.567mil","6492.126mil","T","270.00","10uF"
"C52","SMD_0603_CAPC1608X95N","1665.354mil","468.504mil","1665.354mil","468.504mil","1665.354mil","437.008mil","T","90.00","10uF"
"C51","SMD_1210_CAPC3225X279N","2653.543mil","2440.945mil","2653.543mil","2440.945mil","2712.598mil","2440.945mil","T","180.00","220uF"
"C50","SMD_1210_CAPC3225X279N","2653.543mil","2283.465mil","2653.543mil","2283.465mil","2712.598mil","2283.465mil","T","180.00","220uF"
"C5","SMD_0603_CAPC1608X95N","4338.583mil","4417.323mil","4338.583mil","4417.323mil","4338.583mil","4385.827mil","T","90.00","100nF"
"C49","SMD_1210_CAPC3225X279N","2653.543mil","2125.984mil","2653.543mil","2125.984mil","2712.598mil","2125.984mil","T","180.00","220uF"
"C48","SMD_1210_CAPC3225X279N","2070.866mil","2125.984mil","2070.866mil","2125.984mil","2011.811mil","2125.984mil","T","0.00","220uF"
"C47","SMD_1210_CAPC3225X279N","2070.866mil","2283.465mil","2070.866mil","2283.465mil","2011.811mil","2283.465mil","T","0.00","220uF"
"C46","SMD_1210_CAPC3225X279N","2070.866mil","2440.945mil","2070.866mil","2440.945mil","2011.811mil","2440.945mil","T","0.00","220uF"
"C427","SMD_1210_CAPC3225X270N","3748.032mil","212.598mil","3748.032mil","212.598mil","3688.976mil","212.598mil","T","0.00","100uF"
"C426","SMD_1210_CAPC3225X270N","4157.48mil","212.598mil","4157.48mil","212.598mil","4216.535mil","212.598mil","T","180.00","100uF"
"C425","SMD_1210_CAPC3225X270N","2803.15mil","212.598mil","2803.15mil","212.598mil","2744.095mil","212.598mil","T","0.00","100uF"
"C424","SMD_1210_CAPC3225X270N","3212.598mil","212.598mil","3212.598mil","212.598mil","3271.653mil","212.598mil","T","180.00","100uF"
"C423","SMD_1210_CAPC3225X270N","1858.268mil","212.598mil","1858.268mil","212.598mil","1799.213mil","212.598mil","T","0.00","100uF"
"C422","SMD_1210_CAPC3225X270N","2267.716mil","212.598mil","2267.716mil","212.598mil","2326.772mil","212.598mil","T","180.00","100uF"
"C421","SMD_1210_CAPC3225X270N","913.386mil","212.598mil","913.386mil","212.598mil","854.331mil","212.598mil","T","0.00","100uF"
"C420","SMD_1210_CAPC3225X270N","1322.835mil","212.598mil","1322.835mil","212.598mil","1381.89mil","212.598mil","T","180.00","100uF"
"C419","SMD_1210_CAPC3225X279N","3625.984mil","685.039mil","3625.984mil","685.039mil","3685.039mil","685.039mil","T","180.00","220uF"
"C418","SMD_1210_CAPC3225X279N","3625.984mil","1000mil","3625.984mil","1000mil","3685.039mil","1000mil","T","180.00","220uF"
"C417","SMD_1210_CAPC3225X279N","3625.984mil","842.52mil","3625.984mil","842.52mil","3685.039mil","842.52mil","T","180.00","220uF"
"C416","SMD_1210_CAPC3225X279N","2681.102mil","685.039mil","2681.102mil","685.039mil","2740.157mil","685.039mil","T","180.00","220uF"
"C415","SMD_1210_CAPC3225X279N","2681.102mil","1000mil","2681.102mil","1000mil","2740.157mil","1000mil","T","180.00","220uF"
"C414","SMD_1210_CAPC3225X279N","2681.102mil","842.52mil","2681.102mil","842.52mil","2740.157mil","842.52mil","T","180.00","220uF"
"C413","SMD_1210_CAPC3225X279N","1736.22mil","685.039mil","1736.22mil","685.039mil","1795.276mil","685.039mil","T","180.00","220uF"
"C412","SMD_1210_CAPC3225X279N","1736.22mil","1000mil","1736.22mil","1000mil","1795.276mil","1000mil","T","180.00","220uF"
"C411","SMD_1210_CAPC3225X279N","1736.22mil","842.52mil","1736.22mil","842.52mil","1795.276mil","842.52mil","T","180.00","220uF"
"C410","SMD_1210_CAPC3225X279N","791.339mil","685.039mil","791.339mil","685.039mil","850.394mil","685.039mil","T","180.00","220uF"
"C41","SMD_1210_CAPC3225X279N","4043.307mil","6244.095mil","4043.307mil","6244.095mil","4102.362mil","6244.095mil","T","180.00","220uF"
"C409","SMD_1210_CAPC3225X279N","791.339mil","1000mil","791.339mil","1000mil","850.394mil","1000mil","T","180.00","220uF"
"C408","SMD_1210_CAPC3225X279N","791.339mil","842.52mil","791.339mil","842.52mil","850.394mil","842.52mil","T","180.00","220uF"
"C407","SMD_1210_CAPC3225X270N","881.89mil","6716.535mil","881.89mil","6716.535mil","940.945mil","6716.535mil","T","180.00","100uF"
"C406","SMD_1210_CAPC3225X270N","472.121mil","6558.724mil","472.121mil","6558.724mil","413.066mil","6558.724mil","T","0.00","100uF"
"C405","SMD_1210_CAPC3225X270N","1826.772mil","6716.535mil","1826.772mil","6716.535mil","1885.827mil","6716.535mil","T","180.00","100uF"
"C404","SMD_1210_CAPC3225X270N","1417.323mil","6716.535mil","1417.323mil","6716.535mil","1358.268mil","6716.535mil","T","0.00","100uF"
"C403","SMD_1210_CAPC3225X270N","2771.653mil","6716.535mil","2771.653mil","6716.535mil","2830.709mil","6716.535mil","T","180.00","100uF"
"C402","SMD_1210_CAPC3225X270N","2362.205mil","6716.535mil","2362.205mil","6716.535mil","2303.15mil","6716.535mil","T","0.00","100uF"
"C401","SMD_1210_CAPC3225X279N","1003.937mil","6244.095mil","1003.937mil","6244.095mil","944.882mil","6244.095mil","T","0.00","220uF"
"C400","SMD_1210_CAPC3225X279N","1003.937mil","5929.134mil","1003.937mil","5929.134mil","944.882mil","5929.134mil","T","0.00","220uF"
"C40","SMD_1210_CAPC3225X279N","4043.307mil","6086.614mil","4043.307mil","6086.614mil","4102.362mil","6086.614mil","T","180.00","220uF"
"C4","SMD_0603_CAPC1608X95N","4161.417mil","3763.78mil","4161.417mil","3763.78mil","4192.913mil","3763.78mil","T","180.00","100nF"
"C399","SMD_1210_CAPC3225X279N","1003.937mil","6086.614mil","1003.937mil","6086.614mil","944.882mil","6086.614mil","T","0.00","220uF"
"C398","SMD_1210_CAPC3225X279N","1948.819mil","6244.095mil","1948.819mil","6244.095mil","1889.764mil","6244.095mil","T","0.00","220uF"
"C397","SMD_1210_CAPC3225X279N","1948.819mil","5929.134mil","1948.819mil","5929.134mil","1889.764mil","5929.134mil","T","0.00","220uF"
"C396","SMD_1210_CAPC3225X279N","1948.819mil","6086.614mil","1948.819mil","6086.614mil","1889.764mil","6086.614mil","T","0.00","220uF"
"C395","SMD_1210_CAPC3225X279N","2893.701mil","6244.095mil","2893.701mil","6244.095mil","2834.646mil","6244.095mil","T","0.00","220uF"
"C394","SMD_1210_CAPC3225X279N","2893.701mil","5929.134mil","2893.701mil","5929.134mil","2834.646mil","5929.134mil","T","0.00","220uF"
"C393","SMD_1210_CAPC3225X279N","2893.701mil","6086.614mil","2893.701mil","6086.614mil","2834.646mil","6086.614mil","T","0.00","220uF"
"C39","SMD_1210_CAPC3225X279N","4043.307mil","5929.134mil","4043.307mil","5929.134mil","4102.362mil","5929.134mil","T","180.00","220uF"
"C38","SMD_1210_CAPC3225X270N","3307.087mil","6559.055mil","3307.087mil","6559.055mil","3248.032mil","6559.055mil","T","0.00","100uF"
"C37","SMD_1210_CAPC3225X270N","3716.535mil","6586.614mil","3716.535mil","6586.614mil","3775.59mil","6586.614mil","T","180.00","100uF"
"C352","SMD_1210_CAPC3225X279N","3838.583mil","6244.095mil","3838.583mil","6244.095mil","3779.528mil","6244.095mil","T","0.00","220uF"
"C351","SMD_1210_CAPC3225X279N","3838.583mil","5929.134mil","3838.583mil","5929.134mil","3779.528mil","5929.134mil","T","0.00","220uF"
"C350","SMD_1210_CAPC3225X279N","3838.583mil","6086.614mil","3838.583mil","6086.614mil","3779.528mil","6086.614mil","T","0.00","220uF"
"C35","SMD_1210_CAPC3225X279N","586.614mil","842.52mil","586.614mil","842.52mil","527.559mil","842.52mil","T","0.00","220uF"
"C349","SMD_1210_CAPC3225X270N","3716.535mil","6716.535mil","3716.535mil","6716.535mil","3775.59mil","6716.535mil","T","180.00","100uF"
"C348","SMD_1210_CAPC3225X270N","3307.087mil","6716.535mil","3307.087mil","6716.535mil","3248.032mil","6716.535mil","T","0.00","100uF"
"C347","SMD_0603_CAPC1608X95N","4098.425mil","1874.016mil","4098.425mil","1874.016mil","4066.929mil","1874.016mil","T","0.00","1uF"
"C34","SMD_1210_CAPC3225X279N","586.614mil","1000mil","586.614mil","1000mil","527.559mil","1000mil","T","0.00","220uF"
"C33","SMD_1210_CAPC3225X270N","1322.835mil","370.079mil","1322.835mil","370.079mil","1381.89mil","370.079mil","T","180.00","100uF"
"C322","SMD_0603_CAPC1608X95N","4421.26mil","5267.717mil","4421.26mil","5267.717mil","4421.26mil","5236.22mil","T","90.00","470nF"
"C321","SMD_0603_CAPC1608X95N","4385.827mil","4842.52mil","4385.827mil","4842.52mil","4417.323mil","4842.52mil","T","180.00","100nF"
"C320","SMD_0603_CAPC1608X95N","4385.827mil","4905.512mil","4385.827mil","4905.512mil","4417.323mil","4905.512mil","T","180.00","100nF"
"C32","SMD_1210_CAPC3225X270N","913.386mil","342.52mil","913.386mil","342.52mil","854.331mil","342.52mil","T","0.00","100uF"
"C319","SMD_0603_CAPC1608X95N","908.944mil","4430.828mil","908.944mil","4430.828mil","877.448mil","4430.828mil","T","0.00","100nF"
"C318","SMD_0603_CAPC1608X95N","908.944mil","3643.426mil","908.944mil","3643.426mil","877.448mil","3643.426mil","T","0.00","100nF"
"C317","SMD_0603_CAPC1608X95N","908.944mil","2856.024mil","908.944mil","2856.024mil","877.448mil","2856.024mil","T","0.00","100nF"
"C316","SMD_0603_CAPC1608X95N","908.944mil","2068.623mil","908.944mil","2068.623mil","877.448mil","2068.623mil","T","0.00","100nF"
"C315","SMD_0603_CAPC1608X95N","2483.748mil","4430.828mil","2483.748mil","4430.828mil","2452.251mil","4430.828mil","T","0.00","100nF"
"C314","SMD_0603_CAPC1608X95N","2483.748mil","3643.426mil","2483.748mil","3643.426mil","2452.251mil","3643.426mil","T","0.00","100nF"
"C313","SMD_0603_CAPC1608X95N","2483.748mil","2856.024mil","2483.748mil","2856.024mil","2452.251mil","2856.024mil","T","0.00","100nF"
"C312","SMD_0603_CAPC1608X95N","2483.748mil","2068.623mil","2483.748mil","2068.623mil","2452.251mil","2068.623mil","T","0.00","100nF"
"C311","SMD_0603_CAPC1608X95N","1453.26mil","2498.306mil","1453.26mil","2498.306mil","1484.756mil","2498.306mil","T","180.00","100nF"
"C310","SMD_0603_CAPC1608X95N","1453.26mil","3285.708mil","1453.26mil","3285.708mil","1484.756mil","3285.708mil","T","180.00","100nF"
"C309","SMD_0603_CAPC1608X95N","1453.26mil","4073.11mil","1453.26mil","4073.11mil","1484.756mil","4073.11mil","T","180.00","100nF"
"C308","SMD_0603_CAPC1608X95N","1453.26mil","4860.511mil","1453.26mil","4860.511mil","1484.756mil","4860.511mil","T","180.00","100nF"
"C307","SMD_0603_CAPC1608X95N","3028.063mil","2498.306mil","3028.063mil","2498.306mil","3059.559mil","2498.306mil","T","180.00","100nF"
"C306","SMD_0603_CAPC1608X95N","3028.063mil","3285.708mil","3028.063mil","3285.708mil","3059.559mil","3285.708mil","T","180.00","100nF"
"C305","SMD_0603_CAPC1608X95N","3028.063mil","4073.11mil","3028.063mil","4073.11mil","3059.559mil","4073.11mil","T","180.00","100nF"
"C304","SMD_0603_CAPC1608X95N","3028.063mil","4860.511mil","3028.063mil","4860.511mil","3059.559mil","4860.511mil","T","180.00","100nF"
"C303","SMD_0603_CAPC1608X95N","664.836mil","4430.26mil","664.836mil","4430.26mil","696.332mil","4430.26mil","T","180.00","100nF"
"C302","SMD_0603_CAPC1608X95N","664.836mil","3642.858mil","664.836mil","3642.858mil","696.332mil","3642.858mil","T","180.00","100nF"
"C301","SMD_0603_CAPC1608X95N","664.836mil","2855.457mil","664.836mil","2855.457mil","696.332mil","2855.457mil","T","180.00","100nF"
"C300","SMD_0603_CAPC1608X95N","664.836mil","2068.055mil","664.836mil","2068.055mil","696.332mil","2068.055mil","T","180.00","100nF"
"C3","SMD_0603_CAPC1608X95N","3964.567mil","4303.15mil","3964.567mil","4303.15mil","3996.063mil","4303.15mil","T","180.00","1nF"
"C299","SMD_0603_CAPC1608X95N","2239.639mil","4430.26mil","2239.639mil","4430.26mil","2271.135mil","4430.26mil","T","180.00","100nF"
"C298","SMD_0603_CAPC1608X95N","2239.639mil","3642.858mil","2239.639mil","3642.858mil","2271.135mil","3642.858mil","T","180.00","100nF"
"C297","SMD_0603_CAPC1608X95N","2239.639mil","2855.457mil","2239.639mil","2855.457mil","2271.135mil","2855.457mil","T","180.00","100nF"
"C296","SMD_0603_CAPC1608X95N","2239.639mil","2068.055mil","2239.639mil","2068.055mil","2271.135mil","2068.055mil","T","180.00","100nF"
"C295","SMD_0603_CAPC1608X95N","1697.369mil","2498.874mil","1697.369mil","2498.874mil","1665.873mil","2498.874mil","T","0.00","100nF"
"C294","SMD_0603_CAPC1608X95N","1697.369mil","3286.276mil","1697.369mil","3286.276mil","1665.873mil","3286.276mil","T","0.00","100nF"
"C293","SMD_0603_CAPC1608X95N","1697.369mil","4073.677mil","1697.369mil","4073.677mil","1665.873mil","4073.677mil","T","0.00","100nF"
"C292","SMD_0603_CAPC1608X95N","1697.369mil","4861.079mil","1697.369mil","4861.079mil","1665.873mil","4861.079mil","T","0.00","100nF"
"C291","SMD_0603_CAPC1608X95N","3272.172mil","2498.874mil","3272.172mil","2498.874mil","3240.676mil","2498.874mil","T","0.00","100nF"
"C290","SMD_0603_CAPC1608X95N","3272.172mil","3286.276mil","3272.172mil","3286.276mil","3240.676mil","3286.276mil","T","0.00","100nF"
"C29","SMD_0603_CAPC1608X95N","3685.039mil","6492.126mil","3685.039mil","6492.126mil","3716.535mil","6492.126mil","T","180.00","220nF"
"C289","SMD_0603_CAPC1608X95N","3272.172mil","4073.677mil","3272.172mil","4073.677mil","3240.676mil","4073.677mil","T","0.00","100nF"
"C288","SMD_0603_CAPC1608X95N","3272.172mil","4861.079mil","3272.172mil","4861.079mil","3240.676mil","4861.079mil","T","0.00","100nF"
"C287","SMD_1210_CAPC3225X279N","629.921mil","1708.661mil","629.921mil","1708.661mil","629.921mil","1767.716mil","T","270.00","220uF"
"C286","SMD_1210_CAPC3225X279N","3307.087mil","5220.472mil","3307.087mil","5220.472mil","3307.087mil","5161.417mil","T","90.00","220uF"
"C285","SMD_1210_CAPC3225X279N","629.921mil","5220.472mil","629.921mil","5220.472mil","629.921mil","5161.417mil","T","90.00","220uF"
"C284","SMD_1210_CAPC3225X279N","1078.74mil","4803.15mil","1078.74mil","4803.15mil","1137.795mil","4803.15mil","T","180.00","220uF"
"C283","SMD_1210_CAPC3225X279N","1078.74mil","4645.669mil","1078.74mil","4645.669mil","1137.795mil","4645.669mil","T","180.00","220uF"
"C282","SMD_1210_CAPC3225X279N","1078.74mil","4488.189mil","1078.74mil","4488.189mil","1137.795mil","4488.189mil","T","180.00","220uF"
"C281","SMD_1210_CAPC3225X279N","496.063mil","4488.189mil","496.063mil","4488.189mil","437.008mil","4488.189mil","T","0.00","220uF"
"C280","SMD_1210_CAPC3225X279N","496.063mil","4645.669mil","496.063mil","4645.669mil","437.008mil","4645.669mil","T","0.00","220uF"
"C28","SMD_0603_CAPC1608X95N","944.882mil","437.008mil","944.882mil","437.008mil","913.386mil","437.008mil","T","0.00","220nF"
"C279","SMD_1210_CAPC3225X279N","496.063mil","4803.15mil","496.063mil","4803.15mil","437.008mil","4803.15mil","T","0.00","220uF"
"C278","SMD_1210_CAPC3225X279N","1283.465mil","2125.984mil","1283.465mil","2125.984mil","1224.409mil","2125.984mil","T","0.00","220uF"
"C277","SMD_1210_CAPC3225X279N","1283.465mil","2283.465mil","1283.465mil","2283.465mil","1224.409mil","2283.465mil","T","0.00","220uF"
"C276","SMD_1210_CAPC3225X279N","1283.465mil","2440.945mil","1283.465mil","2440.945mil","1224.409mil","2440.945mil","T","0.00","220uF"
"C275","SMD_1210_CAPC3225X279N","1866.142mil","2440.945mil","1866.142mil","2440.945mil","1925.197mil","2440.945mil","T","180.00","220uF"
"C274","SMD_1210_CAPC3225X279N","1866.142mil","2283.465mil","1866.142mil","2283.465mil","1925.197mil","2283.465mil","T","180.00","220uF"
"C273","SMD_1210_CAPC3225X279N","1866.142mil","2125.984mil","1866.142mil","2125.984mil","1925.197mil","2125.984mil","T","180.00","220uF"
"C272","SMD_1210_CAPC3225X279N","1283.465mil","2913.386mil","1283.465mil","2913.386mil","1224.409mil","2913.386mil","T","0.00","220uF"
"C271","SMD_1210_CAPC3225X279N","1283.465mil","3070.866mil","1283.465mil","3070.866mil","1224.409mil","3070.866mil","T","0.00","220uF"
"C270","SMD_1210_CAPC3225X279N","1283.465mil","3228.347mil","1283.465mil","3228.347mil","1224.409mil","3228.347mil","T","0.00","220uF"
"C269","SMD_1210_CAPC3225X279N","1866.142mil","3228.347mil","1866.142mil","3228.347mil","1925.197mil","3228.347mil","T","180.00","220uF"
"C268","SMD_1210_CAPC3225X279N","1866.142mil","3070.866mil","1866.142mil","3070.866mil","1925.197mil","3070.866mil","T","180.00","220uF"
"C267","SMD_1210_CAPC3225X279N","1866.142mil","2913.386mil","1866.142mil","2913.386mil","1925.197mil","2913.386mil","T","180.00","220uF"
"C266","SMD_1210_CAPC3225X279N","1078.74mil","4015.748mil","1078.74mil","4015.748mil","1137.795mil","4015.748mil","T","180.00","220uF"
"C265","SMD_1210_CAPC3225X279N","1078.74mil","3858.268mil","1078.74mil","3858.268mil","1137.795mil","3858.268mil","T","180.00","220uF"
"C264","SMD_1210_CAPC3225X279N","1078.74mil","3700.787mil","1078.74mil","3700.787mil","1137.795mil","3700.787mil","T","180.00","220uF"
"C263","SMD_1210_CAPC3225X279N","496.063mil","3700.787mil","496.063mil","3700.787mil","437.008mil","3700.787mil","T","0.00","220uF"
"C262","SMD_1210_CAPC3225X279N","496.063mil","3858.268mil","496.063mil","3858.268mil","437.008mil","3858.268mil","T","0.00","220uF"
"C261","SMD_1210_CAPC3225X279N","496.063mil","4015.748mil","496.063mil","4015.748mil","437.008mil","4015.748mil","T","0.00","220uF"
"C260","SMD_1210_CAPC3225X279N","1078.74mil","3228.347mil","1078.74mil","3228.347mil","1137.795mil","3228.347mil","T","180.00","220uF"
"C259","SMD_1210_CAPC3225X279N","1078.74mil","3070.866mil","1078.74mil","3070.866mil","1137.795mil","3070.866mil","T","180.00","220uF"
"C258","SMD_1210_CAPC3225X279N","1078.74mil","2913.386mil","1078.74mil","2913.386mil","1137.795mil","2913.386mil","T","180.00","220uF"
"C257","SMD_1210_CAPC3225X279N","496.063mil","2913.386mil","496.063mil","2913.386mil","437.008mil","2913.386mil","T","0.00","220uF"
"C256","SMD_1210_CAPC3225X279N","496.063mil","3070.866mil","496.063mil","3070.866mil","437.008mil","3070.866mil","T","0.00","220uF"
"C255","SMD_1210_CAPC3225X279N","496.063mil","3228.347mil","496.063mil","3228.347mil","437.008mil","3228.347mil","T","0.00","220uF"
"C254","SMD_1210_CAPC3225X279N","1078.74mil","2440.945mil","1078.74mil","2440.945mil","1137.795mil","2440.945mil","T","180.00","220uF"
"C253","SMD_1210_CAPC3225X279N","1078.74mil","2283.465mil","1078.74mil","2283.465mil","1137.795mil","2283.465mil","T","180.00","220uF"
"C252","SMD_1210_CAPC3225X279N","3307.087mil","1708.661mil","3307.087mil","1708.661mil","3307.087mil","1767.716mil","T","270.00","220uF"
"C251","SMD_0603_CAPC1608X95N","4389.764mil","5090.551mil","4389.764mil","5090.551mil","4421.26mil","5090.551mil","T","180.00","100nF"
"C250","SMD_0603_CAPC1608X95N","4389.764mil","5153.543mil","4389.764mil","5153.543mil","4421.26mil","5153.543mil","T","180.00","100nF"
"C249","SMD_1210_CAPC3225X279N","1078.74mil","2125.984mil","1078.74mil","2125.984mil","1137.795mil","2125.984mil","T","180.00","220uF"
"C248","SMD_1210_CAPC3225X279N","496.063mil","2125.984mil","496.063mil","2125.984mil","437.008mil","2125.984mil","T","0.00","220uF"
"C247","SMD_1210_CAPC3225X279N","496.063mil","2283.465mil","496.063mil","2283.465mil","437.008mil","2283.465mil","T","0.00","220uF"
"C246","SMD_1210_CAPC3225X279N","496.063mil","2440.945mil","496.063mil","2440.945mil","437.008mil","2440.945mil","T","0.00","220uF"
"C245","SMD_1210_CAPC3225X279N","1283.465mil","3700.787mil","1283.465mil","3700.787mil","1224.409mil","3700.787mil","T","0.00","220uF"
"C244","SMD_1210_CAPC3225X279N","1283.465mil","3858.268mil","1283.465mil","3858.268mil","1224.409mil","3858.268mil","T","0.00","220uF"
"C243","SMD_1210_CAPC3225X279N","1283.465mil","4015.748mil","1283.465mil","4015.748mil","1224.409mil","4015.748mil","T","0.00","220uF"
"C242","SMD_1210_CAPC3225X279N","1866.142mil","4015.748mil","1866.142mil","4015.748mil","1925.197mil","4015.748mil","T","180.00","220uF"
"C241","SMD_1210_CAPC3225X279N","1866.142mil","3858.268mil","1866.142mil","3858.268mil","1925.197mil","3858.268mil","T","180.00","220uF"
"C240","SMD_1210_CAPC3225X279N","1866.142mil","3700.787mil","1866.142mil","3700.787mil","1925.197mil","3700.787mil","T","180.00","220uF"
"C239","SMD_1210_CAPC3225X279N","1283.465mil","4488.189mil","1283.465mil","4488.189mil","1224.409mil","4488.189mil","T","0.00","220uF"
"C238","SMD_1210_CAPC3225X279N","1283.465mil","4645.669mil","1283.465mil","4645.669mil","1224.409mil","4645.669mil","T","0.00","220uF"
"C237","SMD_1210_CAPC3225X279N","1283.465mil","4803.15mil","1283.465mil","4803.15mil","1224.409mil","4803.15mil","T","0.00","220uF"
"C236","SMD_1210_CAPC3225X279N","586.614mil","685.039mil","586.614mil","685.039mil","527.559mil","685.039mil","T","0.00","220uF"
"C235","SMD_1210_CAPC3225X279N","1866.142mil","4803.15mil","1866.142mil","4803.15mil","1925.197mil","4803.15mil","T","180.00","220uF"
"C232","SMD_0603_CAPC1608X95N","3933.071mil","3011.811mil","3933.071mil","3011.811mil","3964.567mil","3011.811mil","T","180.00","100nF"
"C231","SMD_0805_CAPC2012X145N","3940.945mil","3086.614mil","3940.945mil","3086.614mil","3976.378mil","3086.614mil","T","180.00","22uF"
"C226","SMD_1210_CAPC3225X279N","1866.142mil","4645.669mil","1866.142mil","4645.669mil","1925.197mil","4645.669mil","T","180.00","220uF"
"C225","SMD_1210_CAPC3225X279N","1866.142mil","4488.189mil","1866.142mil","4488.189mil","1925.197mil","4488.189mil","T","180.00","220uF"
"C224","SMD_1210_CAPC3225X279N","2653.543mil","4803.15mil","2653.543mil","4803.15mil","2712.598mil","4803.15mil","T","180.00","220uF"
"C223","SMD_1210_CAPC3225X279N","2653.543mil","4645.669mil","2653.543mil","4645.669mil","2712.598mil","4645.669mil","T","180.00","220uF"
"C222","SMD_1210_CAPC3225X279N","2653.543mil","4488.189mil","2653.543mil","4488.189mil","2712.598mil","4488.189mil","T","180.00","220uF"
"C221","SMD_1210_CAPC3225X279N","2070.866mil","4488.189mil","2070.866mil","4488.189mil","2011.811mil","4488.189mil","T","0.00","220uF"
"C220","SMD_1210_CAPC3225X279N","2070.866mil","4645.669mil","2070.866mil","4645.669mil","2011.811mil","4645.669mil","T","0.00","220uF"
"C219","SMD_1210_CAPC3225X279N","2070.866mil","4803.15mil","2070.866mil","4803.15mil","2011.811mil","4803.15mil","T","0.00","220uF"
"C218","SMD_1210_CAPC3225X279N","2653.543mil","4015.748mil","2653.543mil","4015.748mil","2712.598mil","4015.748mil","T","180.00","220uF"
"C217","SMD_1210_CAPC3225X279N","2653.543mil","3858.268mil","2653.543mil","3858.268mil","2712.598mil","3858.268mil","T","180.00","220uF"
"C216","SMD_1210_CAPC3225X279N","2653.543mil","3700.787mil","2653.543mil","3700.787mil","2712.598mil","3700.787mil","T","180.00","220uF"
"C215","SMD_1210_CAPC3225X279N","2070.866mil","3700.787mil","2070.866mil","3700.787mil","2011.811mil","3700.787mil","T","0.00","220uF"
"C214","SMD_1210_CAPC3225X279N","2070.866mil","3858.268mil","2070.866mil","3858.268mil","2011.811mil","3858.268mil","T","0.00","220uF"
"C213","SMD_1210_CAPC3225X279N","2070.866mil","4015.748mil","2070.866mil","4015.748mil","2011.811mil","4015.748mil","T","0.00","220uF"
"C212","SMD_1210_CAPC3225X279N","2653.543mil","3228.347mil","2653.543mil","3228.347mil","2712.598mil","3228.347mil","T","180.00","220uF"
"C211","SMD_1210_CAPC3225X279N","2653.543mil","3070.866mil","2653.543mil","3070.866mil","2712.598mil","3070.866mil","T","180.00","220uF"
"C210","SMD_1210_CAPC3225X279N","2653.543mil","2913.386mil","2653.543mil","2913.386mil","2712.598mil","2913.386mil","T","180.00","220uF"
"C21","SMD_0603_CAPC1608X95N","3909.449mil","6460.63mil","3909.449mil","6460.63mil","3909.449mil","6492.126mil","T","270.00","10uF"
"C209","SMD_1210_CAPC3225X279N","2858.268mil","2125.984mil","2858.268mil","2125.984mil","2799.213mil","2125.984mil","T","0.00","220uF"
"C208","SMD_1210_CAPC3225X279N","2858.268mil","2283.465mil","2858.268mil","2283.465mil","2799.213mil","2283.465mil","T","0.00","220uF"
"C207","SMD_1210_CAPC3225X279N","2858.268mil","2440.945mil","2858.268mil","2440.945mil","2799.213mil","2440.945mil","T","0.00","220uF"
"C206","SMD_1210_CAPC3225X279N","3440.945mil","2440.945mil","3440.945mil","2440.945mil","3500mil","2440.945mil","T","180.00","220uF"
"C205","SMD_1210_CAPC3225X279N","3440.945mil","2283.465mil","3440.945mil","2283.465mil","3500mil","2283.465mil","T","180.00","220uF"
"C204","SMD_1210_CAPC3225X279N","3440.945mil","2125.984mil","3440.945mil","2125.984mil","3500mil","2125.984mil","T","180.00","220uF"
"C203","SMD_1210_CAPC3225X279N","2070.866mil","2913.386mil","2070.866mil","2913.386mil","2011.811mil","2913.386mil","T","0.00","220uF"
"C202","SMD_1210_CAPC3225X279N","2070.866mil","3070.866mil","2070.866mil","3070.866mil","2011.811mil","3070.866mil","T","0.00","220uF"
"C201","SMD_1210_CAPC3225X279N","2070.866mil","3228.347mil","2070.866mil","3228.347mil","2011.811mil","3228.347mil","T","0.00","220uF"
"C200","SMD_1210_CAPC3225X279N","2858.268mil","2913.386mil","2858.268mil","2913.386mil","2799.213mil","2913.386mil","T","0.00","220uF"
"C20","SMD_0603_CAPC1608X95N","720.472mil","468.504mil","720.472mil","468.504mil","720.472mil","437.008mil","T","90.00","10uF"
"C2","SMD_0603_CAPC1608X95N","4633.858mil","4086.614mil","4633.858mil","4086.614mil","4633.858mil","4055.118mil","T","90.00","10uF"
"C199","SMD_1210_CAPC3225X279N","2858.268mil","3070.866mil","2858.268mil","3070.866mil","2799.213mil","3070.866mil","T","0.00","220uF"
"C198","SMD_1210_CAPC3225X279N","2858.268mil","3228.347mil","2858.268mil","3228.347mil","2799.213mil","3228.347mil","T","0.00","220uF"
"C197","SMD_1210_CAPC3225X279N","3440.945mil","3228.347mil","3440.945mil","3228.347mil","3500mil","3228.347mil","T","180.00","220uF"
"C18","SMD_0603_CAPC1608X95N","4358.268mil","4653.543mil","4358.268mil","4653.543mil","4389.764mil","4653.543mil","T","180.00","100nF"
"C17","SMD_0603_CAPC1608X95N","3933.071mil","2728.347mil","3933.071mil","2728.347mil","3964.567mil","2728.347mil","T","180.00","100nF"
"C168","SMD_0603_CAPC1608X95N","4358.268mil","4590.551mil","4358.268mil","4590.551mil","4389.764mil","4590.551mil","T","180.00","100nF"
"C165","SMD_1210_CAPC3225X279N","3440.945mil","3070.866mil","3440.945mil","3070.866mil","3500mil","3070.866mil","T","180.00","220uF"
"C164","SMD_1210_CAPC3225X279N","3440.945mil","2913.386mil","3440.945mil","2913.386mil","3500mil","2913.386mil","T","180.00","220uF"
"C163","SMD_1210_CAPC3225X279N","2858.268mil","3700.787mil","2858.268mil","3700.787mil","2799.213mil","3700.787mil","T","0.00","220uF"
"C162","SMD_1210_CAPC3225X279N","2858.268mil","3858.268mil","2858.268mil","3858.268mil","2799.213mil","3858.268mil","T","0.00","220uF"
"C161","SMD_1210_CAPC3225X279N","2858.268mil","4015.748mil","2858.268mil","4015.748mil","2799.213mil","4015.748mil","T","0.00","220uF"
"C160","SMD_1210_CAPC3225X279N","3440.945mil","4015.748mil","3440.945mil","4015.748mil","3500mil","4015.748mil","T","180.00","220uF"
"C16","SMD_0805_CAPC2012X145N","3925.197mil","2803.15mil","3925.197mil","2803.15mil","3960.63mil","2803.15mil","T","180.00","22uF"
"C159","SMD_1210_CAPC3225X279N","3440.945mil","3858.268mil","3440.945mil","3858.268mil","3500mil","3858.268mil","T","180.00","220uF"
"C158","SMD_1210_CAPC3225X279N","3440.945mil","3700.787mil","3440.945mil","3700.787mil","3500mil","3700.787mil","T","180.00","220uF"
"C157","SMD_1210_CAPC3225X279N","2858.268mil","4488.189mil","2858.268mil","4488.189mil","2799.213mil","4488.189mil","T","0.00","220uF"
"C156","SMD_1210_CAPC3225X279N","2858.268mil","4645.669mil","2858.268mil","4645.669mil","2799.213mil","4645.669mil","T","0.00","220uF"
"C15","SMD_0603_CAPC1608X95N","4188.976mil","2244.095mil","4188.976mil","2244.095mil","4220.472mil","2244.095mil","T","180.00","10uF"
"C14","SMD_0805_CAPC2012X145N","4106.299mil","1799.213mil","4106.299mil","1799.213mil","4070.866mil","1799.213mil","T","0.00","22uF"
"C137","SMD_1210_CAPC3225X279N","1208.661mil","6244.095mil","1208.661mil","6244.095mil","1267.716mil","6244.095mil","T","180.00","220uF"
"C136","SMD_1210_CAPC3225X279N","1208.661mil","6086.614mil","1208.661mil","6086.614mil","1267.716mil","6086.614mil","T","180.00","220uF"
"C135","SMD_1210_CAPC3225X279N","1208.661mil","5929.134mil","1208.661mil","5929.134mil","1267.716mil","5929.134mil","T","180.00","220uF"
"C134","SMD_1210_CAPC3225X270N","472.121mil","6716.204mil","472.121mil","6716.204mil","413.066mil","6716.204mil","T","0.00","100uF"
"C133","SMD_1210_CAPC3225X270N","881.89mil","6586.614mil","881.89mil","6586.614mil","940.945mil","6586.614mil","T","180.00","100uF"
"C132","SMD_1210_CAPC3225X279N","3421.26mil","685.039mil","3421.26mil","685.039mil","3362.205mil","685.039mil","T","0.00","220uF"
"C131","SMD_1210_CAPC3225X279N","3421.26mil","842.52mil","3421.26mil","842.52mil","3362.205mil","842.52mil","T","0.00","220uF"
"C130","SMD_1210_CAPC3225X279N","3421.26mil","1000mil","3421.26mil","1000mil","3362.205mil","1000mil","T","0.00","220uF"
"C13","SMD_1210_CAPC3225X279N","4129.921mil","1692.913mil","4129.921mil","1692.913mil","4188.976mil","1692.913mil","T","180.00","220uF"
"C129","SMD_1210_CAPC3225X270N","4157.48mil","370.079mil","4157.48mil","370.079mil","4216.535mil","370.079mil","T","180.00","100uF"
"C128","SMD_1210_CAPC3225X270N","3748.032mil","342.52mil","3748.032mil","342.52mil","3688.976mil","342.52mil","T","0.00","100uF"
"C125","SMD_0603_CAPC1608X95N","850.394mil","6492.126mil","850.394mil","6492.126mil","881.89mil","6492.126mil","T","180.00","220nF"
"C124","SMD_0603_CAPC1608X95N","3779.528mil","437.008mil","3779.528mil","437.008mil","3748.031mil","437.008mil","T","0.00","220nF"
"C12","SMD_0603_CAPC1608X95N","4374.016mil","2307.087mil","4374.016mil","2307.087mil","4342.52mil","2307.087mil","T","0.00","10uF"
"C117","SMD_0603_CAPC1608X95N","1074.803mil","6460.63mil","1074.803mil","6460.63mil","1074.803mil","6492.126mil","T","270.00","10uF"
"C116","SMD_0603_CAPC1608X95N","3555.118mil","468.504mil","3555.118mil","468.504mil","3555.118mil","437.008mil","T","90.00","10uF"
"C11","SMD_0603_CAPC1608X95N","4287.402mil","3700.787mil","4287.402mil","3700.787mil","4255.905mil","3700.787mil","T","0.00","18pF"
"C1070","SMD_1210_CAPC3225X279N","3149.606mil","1708.661mil","3149.606mil","1708.661mil","3149.606mil","1767.716mil","T","270.00","220uF"
"C1067","SMD_1210_CAPC3225X279N","3149.606mil","5220.472mil","3149.606mil","5220.472mil","3149.606mil","5161.417mil","T","90.00","220uF"
"C1064","SMD_1210_CAPC3225X279N","2834.646mil","5220.472mil","2834.646mil","5220.472mil","2834.646mil","5161.417mil","T","90.00","220uF"
"C1061","SMD_1210_CAPC3225X279N","2677.165mil","5220.472mil","2677.165mil","5220.472mil","2677.165mil","5161.417mil","T","90.00","220uF"
"C1058","SMD_1210_CAPC3225X279N","2992.126mil","5220.472mil","2992.126mil","5220.472mil","2992.126mil","5161.417mil","T","90.00","220uF"
"C1055","SMD_1210_CAPC3225X279N","2362.205mil","5220.472mil","2362.205mil","5220.472mil","2362.205mil","5161.417mil","T","90.00","220uF"
"C1052","SMD_1210_CAPC3225X279N","2204.724mil","5220.472mil","2204.724mil","5220.472mil","2204.724mil","5161.417mil","T","90.00","220uF"
"C105","SMD_1210_CAPC3225X279N","2153.543mil","6244.095mil","2153.543mil","6244.095mil","2212.598mil","6244.095mil","T","180.00","220uF"
"C1049","SMD_1210_CAPC3225X279N","2519.685mil","5220.472mil","2519.685mil","5220.472mil","2519.685mil","5161.417mil","T","90.00","220uF"
"C1046","SMD_1210_CAPC3225X279N","1889.764mil","5220.472mil","1889.764mil","5220.472mil","1889.764mil","5161.417mil","T","90.00","220uF"
"C1043","SMD_1210_CAPC3225X279N","1732.283mil","5220.472mil","1732.283mil","5220.472mil","1732.283mil","5161.417mil","T","90.00","220uF"
"C1040","SMD_1210_CAPC3225X279N","2047.244mil","5220.472mil","2047.244mil","5220.472mil","2047.244mil","5161.417mil","T","90.00","220uF"
"C104","SMD_1210_CAPC3225X279N","2153.543mil","6086.614mil","2153.543mil","6086.614mil","2212.598mil","6086.614mil","T","180.00","220uF"
"C1037","SMD_1210_CAPC3225X279N","1417.323mil","5220.472mil","1417.323mil","5220.472mil","1417.323mil","5161.417mil","T","90.00","220uF"
"C1034","SMD_1210_CAPC3225X279N","1259.842mil","5220.472mil","1259.842mil","5220.472mil","1259.842mil","5161.417mil","T","90.00","220uF"
"C1031","SMD_1210_CAPC3225X279N","1574.803mil","5220.472mil","1574.803mil","5220.472mil","1574.803mil","5161.417mil","T","90.00","220uF"
"C103","SMD_1210_CAPC3225X279N","2153.543mil","5929.134mil","2153.543mil","5929.134mil","2212.598mil","5929.134mil","T","180.00","220uF"
"C1028","SMD_1210_CAPC3225X279N","944.882mil","5220.472mil","944.882mil","5220.472mil","944.882mil","5161.417mil","T","90.00","220uF"
"C1025","SMD_1210_CAPC3225X279N","787.402mil","5220.472mil","787.402mil","5220.472mil","787.402mil","5161.417mil","T","90.00","220uF"
"C1022","SMD_1210_CAPC3225X279N","1102.362mil","5220.472mil","1102.362mil","5220.472mil","1102.362mil","5161.417mil","T","90.00","220uF"
"C102","SMD_1210_CAPC3225X270N","1417.323mil","6559.055mil","1417.323mil","6559.055mil","1358.268mil","6559.055mil","T","0.00","100uF"
"C1019","SMD_1210_CAPC3225X279N","2834.646mil","1708.661mil","2834.646mil","1708.661mil","2834.646mil","1767.716mil","T","270.00","220uF"
"C1016","SMD_1210_CAPC3225X279N","2992.126mil","1708.661mil","2992.126mil","1708.661mil","2992.126mil","1767.716mil","T","270.00","220uF"
"C1013","SMD_1210_CAPC3225X279N","291.339mil","4645.669mil","291.339mil","4645.669mil","350.394mil","4645.669mil","T","180.00","220uF"
"C1010","SMD_1210_CAPC3225X279N","291.339mil","4488.189mil","291.339mil","4488.189mil","350.394mil","4488.189mil","T","180.00","220uF"
"C101","SMD_1210_CAPC3225X270N","1826.772mil","6586.614mil","1826.772mil","6586.614mil","1885.827mil","6586.614mil","T","180.00","100uF"
"C1007","SMD_1210_CAPC3225X279N","2677.165mil","1708.661mil","2677.165mil","1708.661mil","2677.165mil","1767.716mil","T","270.00","220uF"
"C1004","SMD_1210_CAPC3225X279N","2362.205mil","1708.661mil","2362.205mil","1708.661mil","2362.205mil","1767.716mil","T","270.00","220uF"
"C1001","SMD_1210_CAPC3225X279N","2519.685mil","1708.661mil","2519.685mil","1708.661mil","2519.685mil","1767.716mil","T","270.00","220uF"
"C100","SMD_1210_CAPC3225X279N","2476.378mil","685.039mil","2476.378mil","685.039mil","2417.323mil","685.039mil","T","0.00","220uF"
"C10","SMD_0603_CAPC1608X95N","4161.417mil","3700.787mil","4161.417mil","3700.787mil","4192.913mil","3700.787mil","T","180.00","18pF"

